{
  "Total" : {
    "transaction" : "Total",
    "sampleCount" : 5000,
    "errorCount" : 30,
    "errorPct" : 0.6,
    "meanResTime" : 467.89799999999883,
    "medianResTime" : 103.0,
    "minResTime" : 1.0,
    "maxResTime" : 2389.0,
    "pct1ResTime" : 1714.9000000000005,
    "pct2ResTime" : 2048.0,
    "pct3ResTime" : 2233.0,
    "throughput" : 1055.9662090813094,
    "receivedKBytesPerSec" : 291.254867344245,
    "sentKBytesPerSec" : 147.60427666314678
  },
  "number conversion api" : {
    "transaction" : "number conversion api",
    "sampleCount" : 5000,
    "errorCount" : 30,
    "errorPct" : 0.6,
    "meanResTime" : 467.89799999999883,
    "medianResTime" : 103.0,
    "minResTime" : 1.0,
    "maxResTime" : 2389.0,
    "pct1ResTime" : 1714.9000000000005,
    "pct2ResTime" : 2048.0,
    "pct3ResTime" : 2233.0,
    "throughput" : 1055.9662090813094,
    "receivedKBytesPerSec" : 291.254867344245,
    "sentKBytesPerSec" : 147.60427666314678
  }
}